Product	Product Link	Image URL	Primary Source	Secondary Sources				
FlexBeam Portable Red Light Therapy Device	https://recharge.health/product/flexbeam/	https://recharge.health/wp-content/uploads/2023/11/PRODUCT-SHOT_HSAFSA_CG_V2-1-600x600.jpg	https://protocol.bryanjohnson.com/Home	https://www.instagram.com/p/CqvOersLZlH/?utm_source=ig_embed	https://mynucleus.com/blog/bryan-johnson-red-light-therapy			
Pulsetto Vagus Nerve Stimulation Device	https://pulsetto.tech/	https://pulsetto.tech/cdn/shop/files/Group_68283_690x517_crop_center.png?v=1737021715	https://x.com/bryan_johnson/status/1878858543371272204	https://protocol.bryanjohnson.com/#blueprint-starter-guide	https://www.reddit.com/r/blueprint_/comments/13r975v/what_device_is_this/			
Roots by GA Hair Loss Genetic Test & Personalized Topical	https://www.rootsbyga.com/product/personalised-topical-hair-growth-solution	https://www.rootsbyga.com/wp-content/uploads/2024/10/topical_container-6-min.png	https://youtu.be/djiU_pFTEVE?t=229	https://x.com/bryan_johnson/status/1848809355887743470	https://youtu.be/qdLFcEHT-Q4?t=3701			
Carex 10,000 LUX Light Therapy Lamp	https://amzn.to/43jXCLE	https://m.media-amazon.com/images/I/61AgzRSoy9L._AC_SX679_.jpg	https://youtu.be/djiU_pFTEVE?t=147	https://x.com/bryan_johnson/status/1824078102731137409	https://blueprint.bryanjohnson.com/blogs/news/why-i-avoid-the-sun?	https://youtu.be/n4_IT7HIPnI?t=905		
FoodMarble Digestive Breath Tester	https://foodmarble.com/	https://foodmarble.com/src/images/products/FODMAP_Kit.jpg	https://protocol.bryanjohnson.com/Blueprint-Starter-Guide	https://x.com/bryan_johnson/status/1617914502309351425				
Jinfiniti Intracellular NAD Test	https://www.jinfiniti.com/product/intracellular-nad-test/	https://www.jinfiniti.com/wp-content/themes/yootheme/cache/35/intracellular-slide-1-353b438d.jpeg	https://x.com/bryan_johnson/status/1775309553649012856	https://x.com/bryan_johnson/status/1651290523087544320				
TRU NIAGEN Nicotinamide Riboside	https://amzn.to/4gSmhdy	https://m.media-amazon.com/images/I/710Tea+c4mL._AC_SY300_SX300_.jpg	https://x.com/bryan_johnson/status/1651290523087544320					
TruAge Biological Age Test	https://shop.trudiagnostic.com/products/truage-complete-epigenetic-collection	https://shop.trudiagnostic.com/cdn/shop/files/TruageTest.jpg?v=1730725739&width=1080	https://x.com/bryan_johnson/status/1784707363255263456	https://www.rejuvenationolympics.com/	https://www.bloomberg.com/news/features/2023-01-25/anti-aging-techniques-taken-to-extreme-by-bryan-johnson			
Eight Sleep Mattress	https://www.eightsleep.com/product/pod-cover/	https://eightsleep.imgix.net/risk-free-boxing-day.jpg?auto=format,compress&h=1000&dpr=1	https://youtu.be/Wk9p3dhMYdk?t=338	https://x.com/bryan_johnson/status/1788346338087743701	https://x.com/bryan_johnson/status/1824078105155420508	https://youtu.be/n4_IT7HIPnI?t=646		
Nurosym Vagal Neuromodulation System	https://nurosym.com/products/nurosym	https://nurosym.com/cdn/shop/files/en-01.png?v=1724246800&width=1946	https://x.com/bryan_johnson/status/1878858543371272204	https://youtu.be/Al-CG7ULYtk?t=567	https://x.com/bryan_johnson/status/1778493590387503315			
Sensate Infrasonic Sensory Device	https://getsensate.com/	https://us.getsensate.com/cdn/shop/files/sensate-works.png?v=1720712230&width=768	https://youtu.be/n4_IT7HIPnI?t=535	https://x.com/bryan_johnson/status/1878858543371272204	https://protocol.bryanjohnson.com/Blueprint-Starter-Guide			
GR-7 Grey Hair Treatment	https://gr-7.uk/	https://gr-7.uk/wp-content/uploads/2023/08/gr7professional-1280x1280.jpeg	https://blueprint.bryanjohnson.com/blogs/news/how-i-reversed-my-hair-loss-greying	https://protocol.bryanjohnson.com/#hair-health	https://youtu.be/ohLdKQaZfSc?t=444			
Plant Therapy Organic Tea Tree Oil	https://amzn.to/4kdw0xX	https://m.media-amazon.com/images/I/317iuYRTIhL._SX300_SY300_QL70_FMwebp_.jpg	https://protocol.bryanjohnson.com/#oral-health	https://x.com/bryan_johnson/status/1825963746096984519	* discontinued mid 2024: "Years ago it helped improve my oral health. Now that my baseline is back to ideal I have not needed it in my protocol" 			
EltaMD UV Clear Face Sunscreen	https://amzn.to/4i6ISnW	https://m.media-amazon.com/images/I/718O+XQmjEL._SX522_.jpg	https://blueprint.bryanjohnson.com/blogs/news/why-i-avoid-the-sun?	https://youtu.be/2nuzf0FxO94?t=134				
Vanicream Daily Facial Moisturizer & Vitamin C (Face)	https://amzn.to/3QVgidD	https://m.media-amazon.com/images/I/31czMRcmcFL._SY300_SX300_QL70_FMwebp_.jpg	https://blueprint.bryanjohnson.com/pages/blueprint-protocol#expanded-protocol	https://blueprint.bryanjohnson.com/blogs/news/does-your-skin-make-you-look-older	https://protocol.bryanjohnson.com/#skin-health			
Vanicream Moisturizing Skin Cream (Body)	https://amzn.to/3EUNi2F	https://m.media-amazon.com/images/I/51KZ2g4AQZL._SX466_.jpg	https://blueprint.bryanjohnson.com/blogs/news/does-your-skin-make-you-look-older					
Vanicream Gentle Facial Cleanser	https://amzn.to/3XekCYY	https://m.media-amazon.com/images/I/41GGbThpBKL._SX466_.jpg	https://blueprint.bryanjohnson.com/blogs/news/does-your-skin-make-you-look-older	https://protocol.bryanjohnson.com/#skin-health				
Herbatonin Plant Melatonin	https://symphonynaturalhealth.com/products/herbatonin-0-3mg	https://symphonynaturalhealth.com/cdn/shop/files/SNH_HERB02_Website_box2024-front-right_2024-11-20_2048x2048h.jpg?v=1738975219&width=600	https://x.com/bryan_johnson/status/1825925442760827278					
Proferrin Clear Heme Iron Polypeptide	https://amzn.to/41iN90s	https://m.media-amazon.com/images/I/61SGJShz8hL.__AC_SX300_SY300_QL70_FMwebp_.jpg	https://blueprint.bryanjohnson.com/pages/blueprint-protocol#expanded-protocol	https://protocol.bryanjohnson.com/#step-2-supplements	https://nypost.com/2025/01/04/health/bryan-johnsons-shocking-wellness-regimen-he-shares-with-son/			
Tesseract ProButyrate	https://amzn.to/43gF5Qv	https://m.media-amazon.com/images/I/71CARr7tyrL._AC_SX679_.jpg	https://blueprint.bryanjohnson.com/pages/blueprint-protocol#expanded-protocol	https://protocol.bryanjohnson.com/#step-2-supplements				
Kyolic Aged Garlic Extract	https://amzn.to/4iyiyTV	https://m.media-amazon.com/images/I/71XQyIcHBGL._AC_SY879_.jpg	https://blueprint.bryanjohnson.com/pages/blueprint-protocol#expanded-protocol					
NOW Foods Inulin	https://amzn.to/43cln8E	https://m.media-amazon.com/images/I/71BNQpiajrL.__AC_SX300_SY300_QL70_FMwebp_.jpg	https://bryanjohnson.komi.io/	https://protocol.bryanjohnson.com/#step-2-supplements				
NOW Foods Sunflower Lecithin	https://amzn.to/3ETZ11z	https://m.media-amazon.com/images/I/71uD3fpTlLL.__AC_SX300_SY300_QL70_FMwebp_.jpg	https://bryanjohnson.komi.io/					
House of Macadamias Macadamia Nuts	https://www.houseofmacadamias.com/collections/macadamia-nuts/products/raw-macadamia-nuts?variant=45227531731226	https://www.houseofmacadamias.com/cdn/shop/files/HOM1kgPlainMacs.jpg?width=1200	https://bryanjohnson.komi.io/					
Milkadamia Macadamia Milk	https://amzn.to/3DaEkOm	https://m.media-amazon.com/images/I/71YsXn6eZXL._SX679_.jpg	https://bryanjohnson.komi.io/					
Almond Malk	https://amzn.to/3Qw6w1g	https://m.media-amazon.com/images/I/61Tpk1eFCvL._SX679_.jpg	https://youtu.be/djiU_pFTEVE?t=1104	*he uses MALK almond milk in the youtube video, even though he mistakingly says macadamia milk				
Timeless Black Beluga Lentils	https://amzn.to/439V02X	https://m.media-amazon.com/images/I/91wQKaFXmrL._SY679_PIbundle-2,TopRight,0,0_SX509SY679SH20_.jpg	https://blueprint.bryanjohnson.com/pages/blueprint-protocol#expanded-protocol	https://protocol.bryanjohnson.com/#step-1-meal-prep				
Nu-Salt Salt Substitute	https://amzn.to/41eSWV2	https://m.media-amazon.com/images/I/51XZQgzSVyL._SY300_SX300_QL70_FMwebp_.jpg	https://youtu.be/wHx51zMqmcg?t=144	https://blueprint.bryanjohnson.com/blogs/news/how-to-make-my-anti-aging-lunch-live-to-120				
Designs for Health Whole Body Collagen	https://amzn.to/41j8uXT	https://m.media-amazon.com/images/I/71ZerCmibSL.__AC_SX300_SY300_QL70_FMwebp_.jpg	https://bryanjohnson.komi.io/					
AISIPRIN Glass Jars with Airtight Lid	https://amzn.to/4blzpa6	https://m.media-amazon.com/images/I/81Pi5+l9NvL._AC_SX679_.jpg	https://protocol.bryanjohnson.com/#blueprint-starter-guide					
Marbelous Airtight Glass Storage Jars	https://amzn.to/4iiAAJH	https://m.media-amazon.com/images/I/61moQd0JPVL.__AC_SY300_SX300_QL70_FMwebp_.jpg	https://protocol.bryanjohnson.com/#blueprint-starter-guide					
HOMEFAVOR Stainless Steel Food Container	https://amzn.to/4bmsEof	https://m.media-amazon.com/images/I/51MLvWIVXAL._AC_SX679_.jpg	https://x.com/bryan_johnson/status/1884067814144889008					
Braun Thermoscan	https://amzn.to/3D4cnYz	https://m.media-amazon.com/images/I/61ZRqs7jQ2L._AC_SX679_.jpg	https://blueprint.bryanjohnson.com/blogs/news/do-i-cold-plunge-the-answer-is-no-here-s-why	https://youtu.be/djiU_pFTEVE?t=180				
AdamHealth Erection Health Tracker	https://talktoadam.com/adam-sensor	https://images.squarespace-cdn.com/content/v1/5abac55e3917ee9920b47ceb/a0103d2a-0b86-4c17-880b-1d0847ffb384/Metrics.png?format=2500w	https://youtu.be/GZqpJ9mXZ88?t=66	https://x.com/bryan_johnson/status/1843695214734782792				
Dr Tung Floss	https://amzn.to/4gTsc29	https://m.media-amazon.com/images/I/71lrMDlPJfL._SX679_.jpg	https://x.com/bryan_johnson/status/1825963740338204973	https://blueprint.bryanjohnson.com/blogs/news/my-oral-health-protocol				
Waterpik Cordless Advanced Flosser	https://amzn.to/4bha7tr	https://m.media-amazon.com/images/I/71GmiLZItLL._SX679_.jpg	https://blueprint.bryanjohnson.com/blogs/news/my-oral-health-protocol	https://youtu.be/yxOtUJ5amaw?t=97				
SomnoDent Avant Bruxism Device	https://somnomed.com/en/patients/products/somnodent/somnodent-avant/	https://somnomed.com/en/wp-content/uploads/sites/2/2021/07/Image-for-website-19.jpg	https://blueprint.bryanjohnson.com/blogs/news/my-oral-health-protocol	https://youtu.be/yxOtUJ5amaw?t=238	https://x.com/bryan_johnson/status/1825963746096984519			
TheraBreath Oral Rinse with Xylitol	https://amzn.to/41xff9E	https://m.media-amazon.com/images/I/41T7IDx6obL._AC_.jpg	https://youtu.be/yxOtUJ5amaw?t=218	https://x.com/bryan_johnson/status/1825963744197001337				
Cerave Resurfacing Retinol Serum	https://amzn.to/3CYhI3E	https://m.media-amazon.com/images/I/71zvPJqU7FL._SX679_.jpg	https://blueprint.bryanjohnson.com/pages/blueprint-protocol#expanded-protocol					
Japanese Washcloth	https://amzn.to/43cmxRi	https://m.media-amazon.com/images/I/81yV0tjqA6L._SX679_.jpg	https://blueprint.bryanjohnson.com/pages/blueprint-protocol#expanded-protocol					
KeraFactor Skincare for Hair with Kerlase Scalp Stimulant	https://mykerafactor.com/pages/new-keralase-procedure	https://cdn.shopify.com/s/files/1/2226/4109/files/Kera-2_480x480.jpg?v=1666837130	https://blueprint.bryanjohnson.com/pages/blueprint-protocol#expanded-protocol	https://youtu.be/Al-CG7ULYtk?t=216				
VELIMAX Bedroom Blackout Film	https://amzn.to/3Xjhzyz	https://m.media-amazon.com/images/I/719rpmifAbL._AC_SX679_.jpg	https://protocol.bryanjohnson.com/					
Levels Blood Glucose Measurement	https://www.levels.com/	https://framerusercontent.com/images/w4ttzjSOhACXX50cTijKCLcTU.png?scale-down-to=1024	https://protocol.bryanjohnson.com/					
FANGSUN Pill Tins	https://amzn.to/4ifsbGy	https://m.media-amazon.com/images/I/61ocqwgeOML._AC_SX679_.jpg	https://protocol.bryanjohnson.com/					
Grounding Bed Sheets	https://amzn.to/3Dk2bep	https://m.media-amazon.com/images/I/513m5icoalL._AC_SX679_.jpg	https://protocol.bryanjohnson.com/	https://youtu.be/n4_IT7HIPnI?t=649				
ZAMAT Contour Memory Foam Pillow	https://amzn.to/4hV5asO	https://m.media-amazon.com/images/I/71txwKm2P3L.__AC_SX300_SY300_QL70_FMwebp_.jpg	https://protocol.bryanjohnson.com/	https://youtu.be/Z7veiyN4LqU?t=1337				
Logest Grip Strength Trainer	https://amzn.to/41wtiw3	https://m.media-amazon.com/images/I/91WhXRO7wIL._AC_SX679_.jpg	https://protocol.bryanjohnson.com/					
WHOOP Fitness and Sleep Tracker	https://amzn.to/3EWChxZ	https://m.media-amazon.com/images/I/71CQ6esBqFL._AC_SX679_.jpg	https://youtu.be/Wk9p3dhMYdk?t=549					
WHOOP Blue Light Blocking Glasses	https://shop.whoop.com/en-us/products/blue-light-blocking-glasses/?sku=920-002006-252	https://cdn.shopify.com/s/files/1/1040/0152/products/WHOOP-Shopify-BLB-Remy-Lucid-Eve-View-1.png	https://youtu.be/Wk9p3dhMYdk?t=297					
Mila Air Purifier	https://milacares.com/eu	https://milacares.com/assets/images/mila-room-showcase-01.webp?6d60b5b6b0cba2a44a80b4d1b6d4eb0a	https://x.com/bryan_johnson/status/1726295009518051814		https://youtu.be/n4_IT7HIPnI?t=526			
Honeywell Air Touch u1 Air Purifier	https://honeywellconnection.com/in/product/air-touch-u1/	https://honeywellconnection.com/in/wp-content/uploads/2024/08/B09C5TWV3V_MAIN.jpg	https://x.com/bryan_johnson/status/1868694199463543136	*only available in India - from his India trip				
IQAir AirVisual Indoor Air Quality Monitor	https://www.iqair.com/products/air-quality-monitors/airvisual-pro-indoor-monitor	https://cdn.shopify.com/s/files/1/0065/4780/0182/files/1-AVP_Hero_Purple_1940x1940_WIRED.jpg?v=1737762533	https://youtu.be/djiU_pFTEVE?t=452	https://youtu.be/I3r7q63bMqg?t=312				
Moonbird Handheld Breathing Coach	https://www.moonbird.life/	https://www.moonbird.life/cdn/shop/files/moonbird-hand-lines-bluegreen.png?v=1711016121&width=540	https://youtu.be/djiU_pFTEVE?t=411					
f.lux Blue Light Blocking Software	https://justgetflux.com/	https://justgetflux.com/news/images/fluxometer-tablet8.png	https://x.com/bryan_johnson/status/1824078095349072380					
Spectra Blue Blocking Glasses	https://amzn.to/4hTZQG2	https://m.media-amazon.com/images/I/51DT5KUxEoS._AC_SX679_.jpg	https://www.reddit.com/r/blueprint_/comments/1h8chj3/any_idea_what_brand_these_are_i_tried_multiple/	https://x.com/bryan_johnson/status/1899233813751812105?s=46&t=1TaqdFAc2e3I1sq6Jy4Gmw				
2DDR Hair Serum	https://www.2ddrhair.com/products/2ddr-advanced-formula-2-month-supply-free-derma-roller-free-us-shipping	https://www.2ddrhair.com/cdn/shop/files/ADVANCED_8d45660a-5053-43b4-ae9c-9aec75a8c51d.png?v=1739201995&width=1300	https://youtu.be/djiU_pFTEVE?t=243	https://x.com/bryan_johnson/status/1831029202520547782				
Lectrofan White Noise Machine	https://amzn.to/41gbHqX	https://m.media-amazon.com/images/I/61AS8IAUQML._AC_SX679_.jpg	https://youtu.be/djiU_pFTEVE?t=437					
Capillus Hair Growth Red Light Cap	https://www.capillus.com/products/capillus-spectrum	https://www.capillus.com/cdn/shop/files/capillus-spectrum-203429.webp?v=1727222753&width=1400	https://x.com/bryan_johnson/status/1848809358110404963	https://youtu.be/G7b28Vm9-O0?t=872				
Alkaline Water Filtration System	http://www.oxygenozone.com/	http://www.oxygenozone.com/images/4.jpg	https://x.com/bryan_johnson/status/1793053315141414987					
Mother In Law's Kimchi - Napa Cabbage	https://amzn.to/4bp58XN	https://m.media-amazon.com/images/I/71wwYLu82oL._SY879_.jpg	https://youtu.be/djiU_pFTEVE?t=2080					
Pickled Planet Beat Kraut	https://amzn.to/4gXIgQf	https://m.media-amazon.com/images/I/71W6f4WbC7L._SY879_.jpg	https://youtu.be/djiU_pFTEVE?t=2080					
Pickled Planet I-Boost Herbal Krauts	https://amzn.to/4kivKh6	https://m.media-amazon.com/images/I/81Kr3IcR3GL._SY879_.jpg	https://youtu.be/djiU_pFTEVE?t=2080					
Atlantic Sea Farms Seaweed Salad	https://amzn.to/4gZ47GU	https://m.media-amazon.com/images/I/81XtaU3-HDL._SY879_.jpg	https://youtu.be/djiU_pFTEVE?t=2110					
Dell UltraSharp U2715H Monitor	https://amzn.to/3QA20i8	https://m.media-amazon.com/images/I/51xa9Nyy3GL.__AC_SX300_SY300_QL70_FMwebp_.jpg	https://youtu.be/XSaDL4EO0-g?t=185	*he may have stopped using this and moved onto Samsung Odyssey G9				
Samsung Odyssey G9 49" Monitor	https://amzn.to/3Xk3y3z	https://m.media-amazon.com/images/I/61gZrVSSCoL._AC_SX679_.jpg	https://youtu.be/XSaDL4EO0-g?t=169					
Poppin Series L 2S Standing Desk	https://amzn.to/4ke8WiG	https://m.media-amazon.com/images/I/711HuvubgeL._AC_SX679_.jpg	https://youtu.be/XSaDL4EO0-g?t=169					
Dr Collins Biomin Restore Toothpaste	https://amzn.to/3Xhz8PF	https://m.media-amazon.com/images/I/81YNppMVHrL._AC_SX679_PIbundle-2,TopRight,0,0_SH20_.jpg	https://youtu.be/yxOtUJ5amaw?t=192	https://blueprint.bryanjohnson.com/blogs/news/my-oral-health-protocol				
Sensodyne Repair and Protect Whitening Toothpaste	https://amzn.to/3EYcmpB	https://m.media-amazon.com/images/I/41RgpjDdTeL._SX300_SY300_QL70_FMwebp_.jpg	https://youtu.be/yxOtUJ5amaw?t=192					
Dr Tung's Tongue Cleaner	https://amzn.to/418l8sk	https://m.media-amazon.com/images/I/31Fpf0REyeL._SX300_SY300_QL70_FMwebp_.jpg	https://youtu.be/yxOtUJ5amaw?t=195	https://blueprint.bryanjohnson.com/blogs/news/my-oral-health-protocol				
Cerave Hydrating Facial Cleanser	https://amzn.to/3DhEDXx	https://m.media-amazon.com/images/I/31PqwOgNVgL._SX300_SY300_QL70_FMwebp_.jpg	https://youtu.be/Al-CG7ULYtk?t=271					
Elevai Enfinity Exosome Serum	https://elevaiskincare.com/products/enfinity	https://elevaiskincare.com/cdn/shop/products/enfinity-1_800x800_crop_center.png?v=1672872606	https://youtu.be/Al-CG7ULYtk?t=311					
Adipeau Active Face Cream	https://shop.adipeau.com/en-jp/products/active-face-cream	https://shop.adipeau.com/cdn/shop/files/AFC-1.jpg?v=1719242966&width=990	https://youtu.be/Al-CG7ULYtk?t=356	https://blueprint.bryanjohnson.com/blogs/news/does-your-skin-make-you-look-older	https://youtu.be/2nuzf0FxO94?t=73			
OneSkin OS-01 Peptide Skin Longevity Age Reversal Duo	https://amzn.to/3QGFqUZ	https://m.media-amazon.com/images/I/41Tbi1FUz9L._SX522_.jpg	https://youtu.be/Al-CG7ULYtk?t=392					
Insignia All-In-One Travel Converter and Adapter	https://www.bestbuy.com/site/insignia-all-in-one-travel-adapter-and-converter-with-2-usb-ports-black/6350841.p?skuId=6350841&intl=nosplash	https://pisces.bbystatic.com/image2/BestBuy_US/images/products/6350/6350841_sd.jpg;maxHeight=1080;maxWidth=900?format=webp	https://youtu.be/Al-CG7ULYtk?t=551					
Ultima Electrolyte Drink Mix - Lemonade	https://amzn.to/4iiL9MN	https://m.media-amazon.com/images/I/31qB-eTwDPL._SX300_SY300_QL70_FMwebp_.jpg	https://youtu.be/Al-CG7ULYtk?t=816					
NEXSTAND Laptop Stand	https://nexstand.eu/products/nexstand-k2-laptop-stand-1	https://ordernexstand.com/cdn/shop/files/MainimageNEXSTANDK2_1.jpg?v=1689756911&width=990	https://x.com/nexstand/status/1853818378697236647	https://www.instagram.com/nexstand.io/reel/DFaWNBBN1lg	https://www.youtube.com/watch?v=iO5ClR7xRWI			
Langkou Air Quality Monitor	https://amzn.to/41ABLi8	https://m.media-amazon.com/images/I/61ARJiYevcL._AC_SX679_.jpg	https://x.com/bryan_johnson/status/1889047671933190203	https://youtu.be/XWsbcneSaRY?t=3221				
Sosoon Scalp Massager	https://amzn.to/41uIbPF	https://m.media-amazon.com/images/I/71eYI0aaGwS._SX466_.jpg	https://blueprint.bryanjohnson.com/blogs/news/how-i-reversed-my-hair-loss-greying					
KeraFlex Laser Cap	https://shop.mykerafactor.com/collections/all-hair-products/products/keraflex-laser-cap	https://shop.mykerafactor.com/cdn/shop/files/kerafactor36459small_540x.jpg?v=1718823777	https://blueprint.bryanjohnson.com/blogs/news/how-i-reversed-my-hair-loss-greying					
Oral-B Pro 1000 Electric Toothbrush	https://amzn.to/3D9xtEY	https://m.media-amazon.com/images/I/51kRDDGhgQL._AC_SX679_.jpg	https://blueprint.bryanjohnson.com/blogs/news/my-oral-health-protocol					
Buried Treasure Xyli-Swish Mouthwash	https://amzn.to/4bkbQ15	https://m.media-amazon.com/images/I/411OYzKyz4L._SX300_SY300_QL70_FMwebp_.jpg	https://blueprint.bryanjohnson.com/blogs/news/my-oral-health-protocol					
IQAir HealthPro Plus Air Purifier	https://amzn.to/3CUkWoQ	https://m.media-amazon.com/images/I/61x5yqUsfTL.__AC_SX300_SY300_QL70_FMwebp_.jpg	https://x.com/bryan_johnson/status/1889047671933190203					
AnteAGE Exosome Solution	https://anteage.com/products/exosome-solution	https://anteage.com/cdn/shop/files/AnteAGEDualExosomeVialsE-Commerce_1600x.jpg?v=1684727557	https://youtu.be/ic5mjSmrWqk?t=46	https://youtu.be/jgsm-A5ko88?t=8				
Red Dot LED Red Light Therapy Panels	https://www.reddotled.com/product/rdpro6000-6000w-led-red-light-therapy-equipment.html	https://img.yfisher.com/m5794/1732696709079-rdpro6000-red-light-panel-poster/png100-t3-scale100.png	https://youtu.be/G7b28Vm9-O0?t=950	https://youtu.be/n4_IT7HIPnI?t=1195	https://protocol.bryanjohnson.com/#skin-health	https://www.instagram.com/p/CvcmsQ9LUg9/?utm_source=ig_embed		
VISIA Multispectral Skin Analysis Device	https://www.canfieldsci.com/imaging-systems/visia-complexion-analysis/	https://www.canfieldsci.com/common/images/imaging-systems/visia-complexion-analysis/booth-rotation.gif	https://youtu.be/58rZylfxnjE?t=625	https://x.com/bryan_johnson/status/1839339206880932278	https://www.interviewmagazine.com/culture/bryan-johnson-wants-you-to-have-better-boners	https://youtu.be/n4_IT7HIPnI?t=1217	https://youtu.be/Al-CG7ULYtk?t=341	https://youtu.be/2nuzf0FxO94?t=188
Mayraki Anti-Grey Restoring Treatment 	https://hairmayraki.com/anti-grey-hair-color-restoring-treatment/	https://cdn11.bigcommerce.com/s-oou56a1kk/images/stencil/1920w/attribute_rule_images/144_source_1726910368.jpg	https://youtu.be/F25RiUZQSLQ?t=251					
Tixel Skin Therapy	https://www.novoxel.com/index.php?todo=products	https://www.novoxel.com/files/cart.jpg	https://www.youtube.com/watch?v=ic5mjSmrWqk	https://youtu.be/qdLFcEHT-Q4?t=3400	https://www.youtube.com/watch?v=jgsm-A5ko88			
Sofwave Ultrasound Body and Face Treatment	https://sofwave.com/	https://api.sofwave.com/app/uploads/2024/11/Explore-our-dedicated-sections-Sofwave-2048x1365.jpg	https://youtu.be/qdLFcEHT-Q4?t=3418	https://youtu.be/Y3sYQBwHTPY?t=2676	https://youtu.be/n4_IT7HIPnI?t=884	https://www.instagram.com/p/DEyFGcYsaGu/	https://www.instagram.com/bryanjohnson_/reel/C9VvEInyFKc/?hl=en	
Renasculpt FE60 EMS Sculpting Machine	https://www.winkonlaser.cn/products/renasculpt%C2%AE-fe60-max-5-handles-ems-rf-sculpting-machine-neo	https://cdn.shopify.com/s/files/1/0579/9972/0615/files/FE60__06.jpg?v=1726041180	https://youtu.be/G7b28Vm9-O0?t=638	https://youtu.be/58rZylfxnjE?t=802	https://www.youtube.com/watch?v=ajYrnKPvPKI	https://youtu.be/n4_IT7HIPnI?t=1233		
Camry Digital Hand Grip Strength Meter	https://amzn.to/4gXwvcO	https://m.media-amazon.com/images/I/71vfAFaJPSL._AC_SX679_.jpg	https://youtu.be/G7b28Vm9-O0?t=1131	https://youtu.be/n4_IT7HIPnI?t=2037				
Vegetology Omega-3 Supplements (EPA & DHA)	https://www.vegetology.com/supplements/omega-3	https://energetic-alpaca.transforms.svdcdn.com/production/Images/Products/Omega-3/Omega-3-FRONT.png?w=592&h=592&q=82&auto=format&fit=crop&dm=1663834605&s=25cc73989f609fb99d2e3f25985dfee1	https://blueprint.bryanjohnson.com/pages/blueprint-protocol#expanded-protocol					
Achilles Ankle and Knee Repair Machine	https://anklerepair.com/products/achilles-elite-package	https://anklerepair.com/cdn/shop/files/eliteachilles2.jpg?v=1729447107&width=1400	https://youtu.be/Y2gkeSLvdmY?t=510					
Lamicall Adjustable Laptop Stand	https://amzn.to/4krqt7c	https://m.media-amazon.com/images/I/71pNZrEkYWL._AC_SX679_.jpg	https://youtu.be/GZqpJ9mXZ88?t=26					
Incrediwear Ankle Sleeve	https://amzn.to/3EWG7XW	https://m.media-amazon.com/images/I/81dMvUiT3VS._AC_SX679_.jpg	https://youtu.be/Y2gkeSLvdmY?t=666					
Peloton Bike	https://www.onepeloton.com/shop/bike/bike-package	https://res.cloudinary.com/peloton-cycle/image/fetch/dpr_1.0,f_auto,q_auto:good,w_600/https://images.ctfassets.net/7vk8puwnesgc/4OZUf6obWO28lmmKAVPL9W/f34b07ad190be71460a240c333cbc7a7/CFU-Bundles.png	https://youtu.be/Y2gkeSLvdmY?t=922	https://x.com/bryan_johnson/status/1808544670978617604				
Minicircle Follistatin Gene Therapy	https://minicircle.clinic/	https://minicircle.io/wp-content/uploads/2024/05/Sciencepic2_resized-827x1024.jpg	https://www.youtube.com/watch?v=bax8to_s07Q					
HPOTECH ZEUGMA hyperbaric chamber (2.0 ATA)	https://www.hpotech.com/hyperbaric-chambers/zeugma-monoplace-hyperbaric-chamber/	https://www.hpotech.com/wp-content/uploads/2024/02/zeugma-hyperbaric-chamber-1.jpg	https://youtu.be/G7b28Vm9-O0?t=381					
Withings Body Smart Scale	https://www.withings.com/us/en/body-smart	https://image-cache.withings.com/site/media/wi_products/lifestyle/scales/body-smart-ella-bathroom.jpg?fit&src=png&h=1000	https://blueprint.bryanjohnson.com/blogs/news/my-new-morning-routine					
Diagnoptics AGE Reader mu	https://www.diagnoptics.com/age-reader/	https://www.diagnoptics.com/wp-content/uploads/2017/10/agereader-3.png	https://youtu.be/58rZylfxnjE?t=663					
Cutera Excel V Skin Laser	https://cutera.com/uk-en/products/excel-v/	https://cutera.com/uk-en/wp-content/uploads/sites/31/2023/10/cutera_excel_v_product_hero_updated-1.png	https://youtu.be/58rZylfxnjE?t=693					
Sciton mJoule IPL Machine	https://sciton.com/mjoule/	https://sciton.com/wp-content/uploads/2024/03/mjoule-2HEROIC.png	https://youtu.be/58rZylfxnjE?t=705					
Philips Epiq 5 Ultrasound Machine	https://www.usa.philips.com/healthcare/product/HC795118/epiq-5-circular-edition	https://images.philips.com/is/image/philipsconsumer/6520adf9176e43bf82d3a77c0148b74e?wid=1922&hei=1281&$jpglarge$	https://youtu.be/58rZylfxnjE?t=720					
Skin Cooling Machine	https://www.aliexpress.us/item/3256807353525708.html	https://s.alicdn.com/@sc04/kf/H1136fac6d0354bcaa6a6520db4453c5dm/267464433/H1136fac6d0354bcaa6a6520db4453c5dm.jpg?quality=close	https://youtu.be/58rZylfxnjE?t=792					
Rogue HR-2 Half Rack	https://www.roguefitness.com/rogue-hr-2-half-rack	https://encrypted-tbn0.gstatic.com/images?q=tbn:ANd9GcQHBMPAVHm9A93u8gOa5tUXlHk2OFcU9eydgQ&s	https://youtu.be/sYyVi-H-ozI?feature=shared					
Rogue Monster Lite Matador Dip Station	https://www.roguefitness.com/rogue-monster-lite-matador	https://assets.roguefitness.com/f_auto,q_auto,c_limit,w_1600,b_rgb:ffffff/catalog/Rigs%20and%20Racks/Rig%20and%20Rack%20Accessories/Monster%20Lite%20Accessories/RA0383/RA0383-web2_najzy6.png	https://youtu.be/sYyVi-H-ozI?t=918					
SAML-24 Monster Lite Safety Spotter Arms (Pair)	https://www.roguefitness.com/saml-24-monster-lite-spotter-arms-pair	https://assets.roguefitness.com/f_auto,q_auto,c_limit,w_1600,b_rgb:ffffff/RA0402-H_b9inea.png	https://youtu.be/sYyVi-H-ozI?t=938					
SP3358 Plate Storage Pair - Long for Monster Lite	https://www.roguefitness.com/sp3358-plate-storage-long-for-monster-lite	https://assets.roguefitness.com/f_auto,q_auto,c_limit,w_1600,b_rgb:ffffff/catalog/Rigs%20and%20Racks/Rig%20and%20Rack%20Accessories/Monster%20Lite%20Accessories/RF0469/RF0469-H_rqcg9x.png	https://youtu.be/sYyVi-H-ozI?t=924					
Flybird Adjustable Bench	https://amzn.to/3Y5risB	https://m.media-amazon.com/images/I/71LLGB4onjL._AC_SX679_.jpg	https://youtu.be/sYyVi-H-ozI?t=890					
Finer Form Foldable Flat Bench	https://amzn.to/4c6MN28	https://m.media-amazon.com/images/I/91pFJFGkGLL._AC_SX679_.jpg	https://youtu.be/sYyVi-H-ozI?t=328					
Rogue 45LB Ohio Power Bar - Black Zinc	https://www.roguefitness.com/rogue-45lb-ohio-power-bar-black-zinc	https://assets.roguefitness.com/f_auto,q_auto,c_limit,w_1600,b_rgb:ffffff/catalog/Weightlifting%20Bars%20and%20Plates/Barbells/Mens%2020KG%20Barbells/RA0586-BLBR/2024%20Update/RA2895-BLBR-H_ua63b3.png	https://youtu.be/sYyVi-H-ozI?t=1052					
Rogue Echo Bumper Plates	https://www.roguefitness.com/rogue-echo-bumper-plates-with-white-text	https://assets.roguefitness.com/f_auto,q_auto,c_limit,w_1600,b_rgb:ffffff/2025%20Plate%20Header%20Update/Rogue-Echo-Bumper-Plate-GFX_sy8kz2.png	https://youtu.be/sYyVi-H-ozI?t=921					
Bowflex SelectTech Dumbbells	https://amzn.to/43Y2G8V	https://m.media-amazon.com/images/I/61jau6tusOL._AC_SX679_.jpg	https://youtu.be/sYyVi-H-ozI?t=313					
Rogue Floor Glute	https://www.roguefitness.com/floor-glute	https://assets.roguefitness.com/f_auto,q_auto,c_limit,w_1600,b_rgb:ffffff/catalog/Strength%20Equipment/Strength%20Training/Glute%20Ham%20%28GHD%29/XX15907/XX15907-H_qowuau.png	https://youtu.be/sYyVi-H-ozI?t=935					
XMark Seated Calf Raise Machine	https://amzn.to/4iL42Zk	https://m.media-amazon.com/images/I/71FD6u+hRzL._AC_SX679_.jpg	https://youtu.be/sYyVi-H-ozI?t=830					
Valor Fitness Adjustable Back Extension Machine	https://amzn.to/4iXPncS	https://m.media-amazon.com/images/I/61YkWtt9pcL._AC_SX679_.jpg	https://youtu.be/sYyVi-H-ozI?t=495					
Peloton Bike	https://amzn.to/4hIWYuR	https://m.media-amazon.com/images/I/61UlR1Hxm6L._AC_SX679_.jpg	https://youtu.be/sYyVi-H-ozI?t=1114					
Concept2 Indoor Rower	https://amzn.to/3FJgf20	https://m.media-amazon.com/images/I/51zFz+jBWKL._AC_SX679_.jpg	https://youtu.be/sYyVi-H-ozI?t=997	https://youtu.be/sYyVi-H-ozI?t=794				
Life Fitness E1 Elliptical	https://amzn.to/423yW7X	https://m.media-amazon.com/images/I/81eI8FLgTUL._AC_SX679_.jpg	https://youtu.be/sYyVi-H-ozI?t=793					
Lebert Fitness Dip Bar Stand	https://amzn.to/3RkgwLc	https://m.media-amazon.com/images/I/71ubRbgy-KL._AC_SX679_.jpg	https://youtu.be/sYyVi-H-ozI?t=744					
Rogue Dip Belt	https://www.roguefitness.com/rogue-dip-belt	https://assets.roguefitness.com/f_auto,q_auto,c_limit,w_1600,b_rgb:ffffff/catalog/Bodyweight%20and%20Gymnastics/Bodyweight%20/Dip%20Belts/RA2871/RA2871-BLK-H_ffe9et.png	https://youtu.be/sYyVi-H-ozI?t=913					
Rogue TF-1 Tibialis Trainer	https://www.roguefitness.com/rogue-tf-1	https://assets.roguefitness.com/f_auto,q_auto,c_limit,w_1600,b_rgb:ffffff/catalog/Strength%20Equipment/Training%20Accessories%20/RA2645/RA2645-H1_yrmstf.png	https://youtu.be/sYyVi-H-ozI?t=963					
HGG Performance ISOTIB-LT 	https://www.scrdistribution.com/products/isotib-lt	https://www.scrdistribution.com/cdn/shop/files/ISOTIB-LT7.jpg?v=1696452084&width=600	https://youtu.be/sYyVi-H-ozI?t=990					
IronMind Captains of Crush Hand Gripper	https://amzn.to/423cT1r	https://m.media-amazon.com/images/I/71xasbyrrSL._AC_SY879_.jpg	https://www.tiktok.com/@_bryan_johnson_/video/7225258791653379374					
Rogue Tube Bands	https://www.roguefitness.com/rogue-tube-bands	https://assets.roguefitness.com/f_auto,q_auto,c_limit,w_1600,b_rgb:ffffff/catalog/Strength%20Equipment/Training%20Accessories%20/Bands/TUBEBANDS/TUBEBANDS-web10_vhvns1.png	https://youtu.be/sYyVi-H-ozI?t=218					
Nike Metcon 5 'Black Gum'	https://www.goat.com/sneakers/metcon-5-black-gum-aq1189-009	https://image.goat.com/transform/v1/attachments/product_template_additional_pictures/images/064/745/739/original/610298_01.jpg.jpeg?action=crop&width=600	https://youtu.be/sYyVi-H-ozI?t=857					
Slant Board Guy Step Up Board	https://slantboardguy.com/product/step-up-board/	https://slantboardguy-1c239.kxcdn.com/au/wp-content/uploads/sites/3/2022/11/6-768x768-1.webp	https://youtu.be/sYyVi-H-ozI?t=368	https://www.instagram.com/bryanjohnson_/p/CSXy46IJfzG/				
Slant Board Guy Slant Board	https://amzn.to/4cgisy7	https://m.media-amazon.com/images/I/810j6rRskVL._AC_SX679_.jpg	https://youtu.be/sYyVi-H-ozI?t=368	https://www.instagram.com/bryanjohnson_/p/CSXy46IJfzG/				
Rogue Dog Sled	https://www.roguefitness.com/dog-sled	https://assets.roguefitness.com/f_auto,q_auto,c_limit,w_1536,b_rgb:f8f8f8/catalog/Strength%20Equipment/Strength%20Training/Sleds/XX2044/XX2044-H_jcdfko.png	https://youtu.be/sYyVi-H-ozI?t=106					
The Backward Treadmill	https://atgequipment.com/products/the-backward-treadmill	https://atgequipment.com/cdn/shop/files/BackwardsTreadmill-ATG-ProductShots1.jpg?v=1710357778&width=1080	https://youtu.be/G7b28Vm9-O0?t=520					
Hoka One One Clifton 7 Running Shoes	https://amzn.to/3YehjkL	https://m.media-amazon.com/images/I/611Giqq1mwL._AC_SX695_.jpg	https://x.com/bryan_johnson/status/1685713551691059200					
STORZ Medical Magnetolith ultra+ EMTT Device	https://www.curamedix.com/orthopedics/devices/magnetolith-0	https://www.curamedix.com/hubfs/magnetolith_ultra_plus.jpg	https://youtu.be/Y2gkeSLvdmY?t=309	*used at Orthohealing Longevity Center LA (for ankle rehab)				